212.227.20.164,bebloh
69.64.147.244,matsnu
217.76.150.74,matsnu
50.28.80.137,matsnu
50.63.202.31,matsnu
23.253.58.227,matsnu
54.205.101.85,matsnu
89.31.143.1,matsnu
162.242.150.89,matsnu
176.34.241.253,matsnu
184.168.221.14,matsnu
184.168.221.15,matsnu
34.194.213.50,ramnit
34.197.76.50,ramnit
34.225.182.233,ramnit
46.165.220.141,ramnit
46.165.220.143,ramnit
46.165.220.144,ramnit
46.165.220.145,ramnit
46.165.220.148,ramnit
46.165.220.149,ramnit
46.165.220.150,ramnit
46.165.220.151,ramnit
46.165.220.152,ramnit
46.165.220.153,ramnit
46.165.220.154,ramnit
46.165.220.155,ramnit
46.165.220.201,ramnit
46.165.221.136,ramnit
46.165.229.164,ramnit
46.165.229.165,ramnit
46.165.229.166,ramnit
46.165.229.167,ramnit
46.165.254.193,ramnit
46.165.254.194,ramnit
46.165.254.195,ramnit
46.165.254.196,ramnit
46.165.254.197,ramnit
46.165.254.198,ramnit
46.165.254.199,ramnit
46.165.254.200,ramnit
46.165.254.201,ramnit
52.9.172.230,ramnit
52.9.250.234,ramnit
54.72.130.67,ramnit
72.52.4.90,ramnit
74.119.239.234,ramnit
89.223.109.60,ramnit
95.215.108.16,ramnit
173.230.158.166,ramnit
173.239.5.6,ramnit
173.239.8.164,ramnit
176.53.118.145,ramnit
209.99.40.221,ramnit
209.99.40.225,ramnit
209.99.40.227,ramnit
213.247.47.190,ramnit
51.254.231.105,ransomwareips
104.244.156.10,ransomwareips
185.106.120.252,ransomwareips
45.58.52.23,ransomwareips
62.141.36.68,ransomwareips
93.171.216.61,ransomwareips
194.58.56.46,ransomwareips
194.58.56.197,ransomwareips
92.63.91.45,ransomwareips
194.58.56.104,ransomwareips
162.208.10.187,ransomwareips
5.9.253.173,ransomwareips
5.34.180.135,ransomwareips
5.34.183.21,ransomwareips
5.34.183.40,ransomwareips
5.34.183.136,ransomwareips
5.34.183.195,ransomwareips
5.79.106.152,ransomwareips
5.135.76.18,ransomwareips
5.152.199.70,ransomwareips
5.187.0.137,ransomwareips
5.187.5.171,ransomwareips
5.188.63.23,ransomwareips
5.188.63.30,ransomwareips
5.196.99.239,ransomwareips
5.196.200.247,ransomwareips
31.41.44.21,ransomwareips
31.41.44.45,ransomwareips
31.41.44.130,ransomwareips
31.41.47.37,ransomwareips
31.41.47.41,ransomwareips
31.41.47.50,ransomwareips
31.148.99.188,ransomwareips
31.148.99.241,ransomwareips
31.184.196.74,ransomwareips
31.184.196.75,ransomwareips
31.184.196.78,ransomwareips
31.184.197.72,ransomwareips
31.184.197.119,ransomwareips
31.184.197.126,ransomwareips
31.184.233.106,ransomwareips
31.202.128.249,ransomwareips
31.214.157.227,ransomwareips
37.46.131.153,ransomwareips
37.139.2.214,ransomwareips
37.139.27.52,ransomwareips
37.139.30.95,ransomwareips
37.235.50.29,ransomwareips
37.235.53.18,ransomwareips
37.235.53.210,ransomwareips
45.33.9.234,ransomwareips
45.55.192.133,ransomwareips
45.56.69.72,ransomwareips
46.4.239.76,ransomwareips
46.8.44.39,ransomwareips
46.8.45.18,ransomwareips
46.17.40.234,ransomwareips
46.17.44.153,ransomwareips
46.38.52.225,ransomwareips
46.108.39.18,ransomwareips
46.148.20.46,ransomwareips
46.165.253.93,ransomwareips
46.183.165.45,ransomwareips
51.254.19.227,ransomwareips
51.254.55.171,ransomwareips
51.254.181.122,ransomwareips
51.254.240.45,ransomwareips
51.254.240.60,ransomwareips
51.254.240.89,ransomwareips
51.255.105.2,ransomwareips
51.255.107.8,ransomwareips
51.255.107.10,ransomwareips
51.255.107.20,ransomwareips
51.255.107.37,ransomwareips
51.255.172.55,ransomwareips
54.67.27.43,ransomwareips
54.200.9.74,ransomwareips
62.113.255.14,ransomwareips
66.85.27.132,ransomwareips
66.85.27.134,ransomwareips
66.85.27.158,ransomwareips
66.85.27.161,ransomwareips
69.85.87.125,ransomwareips
69.85.95.43,ransomwareips
69.85.95.47,ransomwareips
69.85.95.162,ransomwareips
77.73.66.227,ransomwareips
77.222.54.202,ransomwareips
78.40.108.39,ransomwareips
78.46.170.79,ransomwareips
78.47.110.82,ransomwareips
78.47.159.97,ransomwareips
81.177.26.201,ransomwareips
81.177.27.36,ransomwareips
81.177.27.222,ransomwareips
81.177.181.164,ransomwareips
82.146.37.200,ransomwareips
82.196.6.154,ransomwareips
82.202.221.108,ransomwareips
83.217.8.127,ransomwareips
83.217.8.155,ransomwareips
83.217.8.234,ransomwareips
83.217.11.191,ransomwareips
83.217.25.239,ransomwareips
83.217.26.168,ransomwareips
83.220.172.182,ransomwareips
83.243.41.231,ransomwareips
84.19.170.244,ransomwareips
84.19.170.249,ransomwareips
85.25.138.187,ransomwareips
86.104.134.144,ransomwareips
86.110.117.160,ransomwareips
86.110.117.162,ransomwareips
88.198.119.177,ransomwareips
88.214.236.182,ransomwareips
88.214.237.45,ransomwareips
88.214.237.57,ransomwareips
89.108.73.124,ransomwareips
89.108.83.189,ransomwareips
89.108.83.196,ransomwareips
89.108.84.132,ransomwareips
89.108.84.155,ransomwareips
89.108.85.163,ransomwareips
91.121.97.170,ransomwareips
91.142.90.46,ransomwareips
91.142.90.61,ransomwareips
91.191.184.158,ransomwareips
91.195.12.131,ransomwareips
91.195.12.143,ransomwareips
91.195.12.187,ransomwareips
91.200.14.73,ransomwareips
91.200.14.109,ransomwareips
91.200.14.124,ransomwareips
91.200.14.139,ransomwareips
91.201.41.91,ransomwareips
91.201.202.12,ransomwareips
91.201.202.232,ransomwareips
91.203.5.145,ransomwareips
91.209.77.86,ransomwareips
91.210.166.51,ransomwareips
91.211.119.71,ransomwareips
91.211.119.98,ransomwareips
91.214.71.101,ransomwareips
91.219.28.44,ransomwareips
91.219.28.231,ransomwareips
91.219.29.41,ransomwareips
91.219.29.55,ransomwareips
91.219.29.64,ransomwareips
91.219.29.66,ransomwareips
91.219.29.81,ransomwareips
91.219.29.106,ransomwareips
91.219.30.254,ransomwareips
91.219.31.14,ransomwareips
91.219.31.15,ransomwareips
91.219.31.18,ransomwareips
91.223.88.205,ransomwareips
91.223.180.240,ransomwareips
91.226.92.202,ransomwareips
91.226.92.208,ransomwareips
91.226.93.113,ransomwareips
91.226.93.124,ransomwareips
91.228.239.216,ransomwareips
91.230.211.26,ransomwareips
91.230.211.103,ransomwareips
91.230.211.139,ransomwareips
91.230.211.187,ransomwareips
91.234.32.192,ransomwareips
91.234.33.149,ransomwareips
91.234.33.215,ransomwareips
91.234.34.98,ransomwareips
91.234.35.216,ransomwareips
91.234.35.243,ransomwareips
91.237.247.24,ransomwareips
91.239.235.130,ransomwareips
91.247.37.137,ransomwareips
92.63.87.48,ransomwareips
92.63.87.53,ransomwareips
92.63.87.106,ransomwareips
92.63.87.134,ransomwareips
92.222.71.26,ransomwareips
93.170.104.127,ransomwareips
93.170.123.60,ransomwareips
93.170.123.119,ransomwareips
93.170.123.185,ransomwareips
93.170.131.108,ransomwareips
93.170.169.52,ransomwareips
93.171.216.70,ransomwareips
93.171.216.84,ransomwareips
94.242.57.45,ransomwareips
94.242.59.239,ransomwareips
95.46.114.80,ransomwareips
95.46.114.97,ransomwareips
95.46.114.205,ransomwareips
95.163.107.41,ransomwareips
95.181.171.58,ransomwareips
95.213.184.10,ransomwareips
95.213.195.123,ransomwareips
98.143.148.173,ransomwareips
103.11.65.184,ransomwareips
103.11.65.229,ransomwareips
103.43.75.87,ransomwareips
103.219.22.73,ransomwareips
103.232.215.140,ransomwareips
104.129.43.16,ransomwareips
104.131.182.103,ransomwareips
104.161.79.129,ransomwareips
104.192.102.196,ransomwareips
104.192.102.219,ransomwareips
104.238.173.18,ransomwareips
104.244.158.132,ransomwareips
107.170.20.33,ransomwareips
107.174.64.82,ransomwareips
107.181.174.34,ransomwareips
109.230.199.191,ransomwareips
109.234.35.75,ransomwareips
109.234.35.123,ransomwareips
109.234.35.128,ransomwareips
109.237.111.168,ransomwareips
109.248.222.47,ransomwareips
138.201.93.46,ransomwareips
138.201.95.72,ransomwareips
138.201.118.102,ransomwareips
139.59.147.0,ransomwareips
141.8.226.58,ransomwareips
145.239.124.228,ransomwareips
146.120.110.46,ransomwareips
146.185.137.40,ransomwareips
146.185.249.189,ransomwareips
148.163.73.29,ransomwareips
149.154.68.190,ransomwareips
149.154.152.108,ransomwareips
149.154.157.14,ransomwareips
149.154.159.179,ransomwareips
149.202.109.202,ransomwareips
151.236.14.51,ransomwareips
151.236.15.226,ransomwareips
155.94.213.174,ransomwareips
155.94.213.179,ransomwareips
155.94.213.235,ransomwareips
155.94.238.14,ransomwareips
155.94.238.34,ransomwareips
158.69.109.20,ransomwareips
158.69.223.5,ransomwareips
158.255.6.109,ransomwareips
158.255.6.115,ransomwareips
164.132.40.47,ransomwareips
172.82.152.144,ransomwareips
173.234.24.69,ransomwareips
176.31.47.100,ransomwareips
176.53.21.105,ransomwareips
176.107.185.19,ransomwareips
176.121.14.95,ransomwareips
178.62.232.244,ransomwareips
178.63.238.185,ransomwareips
185.5.250.135,ransomwareips
185.14.28.30,ransomwareips
185.14.29.64,ransomwareips
185.14.29.188,ransomwareips
185.14.30.97,ransomwareips
185.17.120.130,ransomwareips
185.22.67.27,ransomwareips
185.22.67.108,ransomwareips
185.46.11.73,ransomwareips
185.46.11.239,ransomwareips
185.67.2.156,ransomwareips
185.75.46.4,ransomwareips
185.75.46.73,ransomwareips
185.75.46.122,ransomwareips
185.80.148.137,ransomwareips
185.82.200.4,ransomwareips
185.82.202.54,ransomwareips
185.82.216.45,ransomwareips
185.82.216.213,ransomwareips
185.82.217.29,ransomwareips
185.86.78.3,ransomwareips
185.92.220.35,ransomwareips
185.98.87.66,ransomwareips
185.100.85.150,ransomwareips
185.102.136.67,ransomwareips
185.102.136.77,ransomwareips
185.106.120.52,ransomwareips
185.106.122.38,ransomwareips
185.114.227.103,ransomwareips
185.114.227.111,ransomwareips
185.115.140.170,ransomwareips
185.117.72.94,ransomwareips
185.117.72.105,ransomwareips
185.117.153.176,ransomwareips
185.122.59.134,ransomwareips
185.127.25.176,ransomwareips
185.129.148.6,ransomwareips
185.141.25.108,ransomwareips
185.141.25.150,ransomwareips
185.146.169.16,ransomwareips
185.147.34.30,ransomwareips
185.162.8.94,ransomwareips
185.162.8.101,ransomwareips
185.179.190.31,ransomwareips
185.183.99.105,ransomwareips
185.183.99.143,ransomwareips
188.120.239.230,ransomwareips
188.127.231.116,ransomwareips
188.127.231.124,ransomwareips
188.127.239.53,ransomwareips
188.138.88.184,ransomwareips
188.166.168.250,ransomwareips
192.36.27.5,ransomwareips
192.71.213.69,ransomwareips
192.121.16.196,ransomwareips
193.0.178.74,ransomwareips
193.9.28.13,ransomwareips
193.9.28.16,ransomwareips
193.9.28.49,ransomwareips
193.9.28.254,ransomwareips
193.32.68.48,ransomwareips
193.70.86.51,ransomwareips
193.124.180.6,ransomwareips
193.124.185.87,ransomwareips
194.1.236.126,ransomwareips
194.28.87.26,ransomwareips
194.31.59.5,ransomwareips
194.58.56.5,ransomwareips
194.58.56.7,ransomwareips
194.58.56.31,ransomwareips
194.58.56.36,ransomwareips
194.58.56.105,ransomwareips
194.58.56.118,ransomwareips
194.58.56.127,ransomwareips
194.58.56.142,ransomwareips
194.58.56.149,ransomwareips
194.58.56.153,ransomwareips
194.58.56.164,ransomwareips
194.58.56.175,ransomwareips
194.58.56.192,ransomwareips
194.58.56.209,ransomwareips
194.58.56.246,ransomwareips
195.19.192.99,ransomwareips
195.43.95.198,ransomwareips
195.64.154.14,ransomwareips
195.64.154.114,ransomwareips
195.64.154.126,ransomwareips
195.123.211.6,ransomwareips
195.123.218.226,ransomwareips
195.154.69.90,ransomwareips
195.154.241.208,ransomwareips
198.46.144.190,ransomwareips
200.7.105.39,ransomwareips
207.244.97.230,ransomwareips
209.99.40.222,ransomwareips
209.99.40.226,ransomwareips
212.47.223.19,ransomwareips
212.109.192.235,ransomwareips
212.109.219.31,ransomwareips
213.32.66.16,ransomwareips
213.159.214.86,ransomwareips
217.12.199.90,ransomwareips
217.12.199.151,ransomwareips
217.12.203.233,ransomwareips
217.12.218.158,ransomwareips
217.106.238.89,ransomwareips
5.101.78.194,webiron
13.89.189.194,webiron
17.142.155.107,webiron
17.142.159.185,webiron
23.226.128.29,webiron
24.64.210.98,webiron
31.148.243.35,webiron
31.162.65.39,webiron
35.195.253.59,webiron
35.197.235.61,webiron
37.79.151.46,webiron
41.227.135.188,webiron
46.118.113.144,webiron
46.133.2.99,webiron
46.142.43.9,webiron
50.87.248.219,webiron
52.205.1.38,webiron
54.146.254.253,webiron
58.53.150.1,webiron
58.247.18.242,webiron
60.10.41.203,webiron
60.28.131.10,webiron
60.166.48.158,webiron
60.170.31.2,webiron
60.172.22.178,webiron
60.174.37.226,webiron
61.94.212.190,webiron
66.147.244.145,webiron
67.1.219.157,webiron
67.83.120.93,webiron
67.197.171.18,webiron
69.57.228.236,webiron
69.64.57.170,webiron
69.195.124.78,webiron
71.6.167.142,webiron
71.233.177.78,webiron
72.87.95.36,webiron
73.207.78.24,webiron
76.90.131.147,webiron
79.105.192.234,webiron
80.115.76.109,webiron
80.189.34.182,webiron
81.214.83.164,webiron
83.77.45.18,webiron
83.220.252.36,webiron
85.26.129.92,webiron
86.16.143.241,webiron
87.167.44.7,webiron
88.171.130.139,webiron
89.239.161.204,webiron
90.151.134.220,webiron
90.151.202.70,webiron
91.43.108.67,webiron
91.109.5.136,webiron
92.243.31.212,webiron
93.72.173.108,webiron
93.78.18.150,webiron
93.186.148.33,webiron
94.51.142.90,webiron
94.51.151.70,webiron
95.68.203.243,webiron
95.85.58.246,webiron
95.133.238.196,webiron
97.79.205.91,webiron
103.212.223.155,webiron
104.236.63.51,webiron
109.87.69.113,webiron
110.36.34.247,webiron
110.170.170.250,webiron
115.61.108.236,webiron
117.40.185.78,webiron
117.66.188.224,webiron
118.37.185.58,webiron
119.146.33.88,webiron
120.194.236.116,webiron
121.122.139.108,webiron
123.138.78.210,webiron
125.161.8.149,webiron
134.19.230.63,webiron
134.19.230.130,webiron
134.19.230.142,webiron
134.19.230.183,webiron
140.114.98.94,webiron
140.119.169.126,webiron
142.4.218.156,webiron
148.72.232.63,webiron
149.100.166.164,webiron
158.69.225.33,webiron
164.132.161.89,webiron
165.227.145.53,webiron
167.114.157.79,webiron
167.250.157.212,webiron
172.125.1.143,webiron
173.208.169.251,webiron
173.239.232.111,webiron
173.244.48.173,webiron
174.127.133.21,webiron
176.115.97.153,webiron
176.119.18.104,webiron
176.126.163.239,webiron
176.248.65.69,webiron
178.45.21.69,webiron
178.46.41.200,webiron
178.209.42.84,webiron
178.254.1.122,webiron
182.75.199.50,webiron
183.98.187.27,webiron
183.239.32.166,webiron
184.97.226.137,webiron
184.168.200.61,webiron
185.134.30.198,webiron
185.158.238.76,webiron
188.16.55.148,webiron
188.16.73.186,webiron
188.16.113.105,webiron
188.17.85.252,webiron
188.18.198.11,webiron
188.18.199.52,webiron
188.19.23.212,webiron
188.19.58.237,webiron
188.19.206.103,webiron
188.112.248.94,webiron
193.124.187.140,webiron
195.32.86.180,webiron
198.27.80.144,webiron
198.58.107.211,webiron
202.103.14.163,webiron
203.198.186.56,webiron
207.241.229.236,webiron
211.22.218.77,webiron
212.90.60.1,webiron
212.154.161.148,webiron
216.170.122.107,webiron
216.244.66.239,webiron
217.160.62.211,webiron
218.89.39.121,webiron
218.94.38.214,webiron
218.249.232.182,webiron
219.93.120.134,webiron
220.180.104.130,webiron
221.21.208.2,webiron
221.125.82.70,webiron
221.214.208.226,webiron
223.241.72.133,webiron
2.230.49.27,webiron
5.88.235.193,webiron
5.140.92.15,webiron
5.178.182.227,webiron
14.63.97.246,webiron
23.101.61.176,webiron
24.193.2.181,webiron
31.41.93.34,webiron
31.162.217.126,webiron
31.162.224.163,webiron
31.163.142.169,webiron
34.212.136.167,webiron
35.184.93.156,webiron
37.60.249.183,webiron
37.73.137.74,webiron
37.187.97.34,webiron
37.235.193.208,webiron
40.77.170.165,webiron
41.77.126.162,webiron
45.53.210.250,webiron
46.191.192.136,webiron
46.229.173.67,webiron
50.117.89.222,webiron
51.255.65.42,webiron
51.255.71.100,webiron
52.201.129.205,webiron
54.82.134.188,webiron
58.87.186.70,webiron
61.50.110.42,webiron
62.112.104.18,webiron
62.170.2.205,webiron
64.64.26.80,webiron
70.52.86.244,webiron
72.30.14.87,webiron
75.185.213.216,webiron
77.57.19.78,webiron
78.167.213.8,webiron
79.110.129.197,webiron
79.148.104.252,webiron
79.148.225.188,webiron
79.208.67.123,webiron
80.24.155.224,webiron
80.211.231.210,webiron
81.23.24.138,webiron
82.74.64.242,webiron
82.80.230.228,webiron
83.56.22.170,webiron
83.143.240.10,webiron
84.160.125.54,webiron
87.98.178.197,webiron
87.110.0.182,webiron
87.117.189.230,webiron
88.12.21.204,webiron
89.207.106.235,webiron
91.43.97.232,webiron
91.200.12.157,webiron
92.101.55.215,webiron
92.207.167.90,webiron
93.73.187.111,webiron
93.111.87.159,webiron
94.50.23.254,webiron
94.50.191.196,webiron
94.178.130.117,webiron
95.37.112.180,webiron
95.54.182.225,webiron
95.85.15.251,webiron
95.104.61.158,webiron
95.165.172.218,webiron
95.165.237.182,webiron
95.191.252.48,webiron
99.227.98.16,webiron
104.45.18.178,webiron
104.236.58.58,webiron
104.238.154.188,webiron
108.51.32.238,webiron
109.86.64.241,webiron
109.105.51.18,webiron
109.162.43.194,webiron
111.95.37.95,webiron
111.206.115.107,webiron
112.64.33.92,webiron
118.121.233.54,webiron
120.211.21.5,webiron
124.134.66.223,webiron
125.163.127.198,webiron
135.84.127.145,webiron
147.230.97.246,webiron
153.219.165.245,webiron
156.67.106.95,webiron
158.69.26.144,webiron
158.69.225.35,webiron
163.172.172.123,webiron
175.181.152.190,webiron
176.31.126.56,webiron
178.7.189.241,webiron
178.95.170.29,webiron
178.104.28.97,webiron
180.245.120.23,webiron
180.253.217.9,webiron
183.57.156.157,webiron
184.168.193.172,webiron
185.49.168.119,webiron
185.53.44.96,webiron
185.94.191.52,webiron
188.18.29.245,webiron
188.32.79.129,webiron
188.120.49.181,webiron
188.129.172.77,webiron
188.163.75.13,webiron
193.254.37.95,webiron
194.58.118.132,webiron
195.177.226.254,webiron
199.87.254.244,webiron
201.6.144.86,webiron
204.69.221.2,webiron
208.123.82.22,webiron
211.143.126.174,webiron
212.92.250.111,webiron
212.237.54.93,webiron
213.67.82.186,webiron
217.127.183.173,webiron
217.182.132.153,webiron
2.82.138.16,webiron
5.149.250.197,webiron
14.223.125.249,webiron
23.27.103.213,webiron
23.99.101.118,webiron
27.105.125.68,webiron
34.227.47.136,webiron
35.194.65.252,webiron
36.45.186.96,webiron
36.67.139.101,webiron
36.68.134.46,webiron
37.44.192.65,webiron
37.115.5.92,webiron
37.115.188.137,webiron
38.131.150.84,webiron
38.145.67.173,webiron
39.88.145.66,webiron
46.39.69.77,webiron
46.105.100.183,webiron
46.116.9.232,webiron
46.146.245.236,webiron
46.175.147.103,webiron
50.63.197.201,webiron
51.255.66.125,webiron
58.205.208.82,webiron
60.166.24.170,webiron
60.217.64.210,webiron
60.225.31.35,webiron
61.163.47.73,webiron
61.183.233.169,webiron
61.183.233.173,webiron
63.141.234.10,webiron
68.180.228.118,webiron
69.30.222.130,webiron
70.26.112.36,webiron
71.178.217.213,webiron
75.66.140.44,webiron
77.122.127.225,webiron
77.232.128.232,webiron
79.156.222.102,webiron
79.235.126.220,webiron
80.121.39.65,webiron
81.31.110.149,webiron
83.69.30.142,webiron
83.247.31.129,webiron
84.178.81.117,webiron
84.243.219.143,webiron
85.105.155.216,webiron
85.241.114.23,webiron
88.235.225.189,webiron
89.34.30.49,webiron
89.197.80.156,webiron
91.121.79.180,webiron
91.122.49.127,webiron
91.122.50.187,webiron
91.122.100.223,webiron
93.76.202.21,webiron
93.79.31.2,webiron
94.25.168.216,webiron
95.132.132.76,webiron
97.74.24.225,webiron
97.80.67.223,webiron
99.67.176.53,webiron
99.229.227.57,webiron
101.78.138.82,webiron
103.9.134.85,webiron
103.212.223.161,webiron
109.188.127.49,webiron
111.198.173.64,webiron
111.201.54.158,webiron
115.93.109.42,webiron
117.54.10.233,webiron
118.40.225.54,webiron
118.163.59.158,webiron
122.200.22.114,webiron
123.49.49.42,webiron
123.123.219.56,webiron
125.163.106.115,webiron
125.163.144.213,webiron
134.19.230.170,webiron
134.119.222.21,webiron
137.74.207.114,webiron
137.226.113.8,webiron
140.116.32.29,webiron
140.240.253.104,webiron
158.69.127.133,webiron
164.132.161.23,webiron
164.132.161.59,webiron
167.114.172.223,webiron
167.114.172.225,webiron
173.245.77.215,webiron
174.17.139.85,webiron
175.160.200.116,webiron
176.10.223.67,webiron
176.120.101.133,webiron
178.24.14.227,webiron
178.159.39.237,webiron
179.61.147.199,webiron
180.213.163.178,webiron
180.252.226.17,webiron
182.201.225.2,webiron
182.245.35.86,webiron
183.48.246.66,webiron
183.215.74.190,webiron
185.104.248.83,webiron
185.126.179.232,webiron
185.134.30.191,webiron
185.145.107.254,webiron
185.195.24.225,webiron
185.201.11.92,webiron
188.63.91.73,webiron
188.190.194.4,webiron
188.190.206.57,webiron
189.225.37.224,webiron
193.188.95.235,webiron
197.50.65.125,webiron
198.20.69.74,webiron
198.204.253.50,webiron
198.204.254.154,webiron
202.182.186.178,webiron
203.160.52.32,webiron
205.164.1.194,webiron
205.164.26.71,webiron
210.242.49.157,webiron
212.16.74.248,webiron
212.36.201.163,webiron
212.67.24.134,webiron
212.90.62.4,webiron
213.48.61.27,webiron
213.174.147.83,webiron
213.231.32.60,webiron
216.244.66.195,webiron
217.115.96.43,webiron
217.136.238.32,webiron
217.182.132.80,webiron
218.6.244.67,webiron
218.90.143.254,webiron
218.241.218.178,webiron
219.137.61.122,webiron
222.86.159.236,webiron
222.171.61.97,webiron
222.243.109.12,webiron
2.235.241.117,webiron
5.35.24.53,webiron
13.82.55.247,webiron
23.17.238.176,webiron
23.20.78.100,webiron
23.250.97.83,webiron
27.121.212.142,webiron
31.43.52.242,webiron
34.235.117.131,webiron
36.68.25.157,webiron
37.59.178.110,webiron
38.99.96.173,webiron
38.145.87.120,webiron
38.145.87.129,webiron
40.77.162.31,webiron
41.227.114.20,webiron
41.242.36.42,webiron
42.61.71.179,webiron
45.122.220.116,webiron
46.105.119.218,webiron
46.149.34.245,webiron
46.163.128.26,webiron
49.195.206.29,webiron
50.62.56.63,webiron
51.255.65.96,webiron
51.255.66.141,webiron
54.80.14.200,webiron
54.156.111.60,webiron
54.158.214.240,webiron
54.162.95.132,webiron
54.166.185.129,webiron
54.204.198.109,webiron
54.221.164.97,webiron
58.62.234.161,webiron
59.39.92.162,webiron
60.161.215.7,webiron
60.216.106.162,webiron
61.76.166.3,webiron
61.228.214.141,webiron
62.109.10.47,webiron
62.148.227.40,webiron
62.159.132.206,webiron
62.212.130.162,webiron
63.193.45.10,webiron
63.245.214.162,webiron
68.184.185.13,webiron
69.84.207.246,webiron
73.21.60.248,webiron
77.37.207.127,webiron
78.13.33.116,webiron
78.36.0.228,webiron
79.77.1.239,webiron
80.78.250.173,webiron
81.30.217.84,webiron
81.90.235.82,webiron
81.208.28.109,webiron
81.214.82.252,webiron
82.207.30.73,webiron
83.4.12.54,webiron
83.171.108.27,webiron
83.242.238.211,webiron
84.14.129.100,webiron
84.43.207.34,webiron
84.160.122.177,webiron
84.191.223.228,webiron
86.18.52.133,webiron
86.136.197.31,webiron
87.106.132.58,webiron
88.99.89.225,webiron
90.183.127.106,webiron
90.188.35.170,webiron
91.78.82.45,webiron
91.200.12.8,webiron
91.200.12.21,webiron
91.210.146.231,webiron
91.219.75.6,webiron
91.224.60.25,webiron
91.238.24.72,webiron
92.126.153.114,webiron
92.243.181.46,webiron
92.243.182.170,webiron
93.118.122.182,webiron
93.157.21.39,webiron
94.41.101.234,webiron
94.180.114.243,webiron
95.79.36.71,webiron
97.74.238.215,webiron
101.37.75.60,webiron
101.78.179.66,webiron
103.18.45.23,webiron
104.137.249.245,webiron
104.144.95.89,webiron
104.148.118.51,webiron
104.160.20.131,webiron
104.236.59.33,webiron
107.210.36.92,webiron
108.28.117.65,webiron
109.188.126.126,webiron
109.237.220.159,webiron
113.66.41.215,webiron
114.207.113.80,webiron
116.113.96.22,webiron
117.4.194.68,webiron
117.102.85.226,webiron
118.76.117.4,webiron
119.39.84.75,webiron
124.11.129.54,webiron
124.103.16.176,webiron
124.112.193.26,webiron
125.72.237.2,webiron
125.160.204.116,webiron
130.180.210.65,webiron
153.208.179.195,webiron
154.16.122.75,webiron
163.30.245.15,webiron
164.77.56.134,webiron
164.132.161.96,webiron
172.98.87.36,webiron
175.138.1.183,webiron
175.209.38.227,webiron
176.9.143.20,webiron
178.185.18.23,webiron
178.185.26.157,webiron
178.252.205.30,webiron
184.171.170.26,webiron
185.35.11.186,webiron
185.41.249.67,webiron
185.45.33.143,webiron
185.93.226.90,webiron
185.119.81.11,webiron
185.150.13.34,webiron
188.162.229.46,webiron
188.174.134.50,webiron
189.169.239.238,webiron
190.7.141.90,webiron
192.117.146.110,webiron
192.190.223.224,webiron
192.241.204.74,webiron
193.41.79.64,webiron
194.58.111.58,webiron
194.61.158.115,webiron
197.45.161.156,webiron
198.57.176.3,webiron
198.199.86.53,webiron
207.241.229.32,webiron
207.241.231.170,webiron
208.103.114.186,webiron
213.241.204.105,webiron
216.244.66.198,webiron
217.92.40.161,webiron
217.107.127.83,webiron
217.182.132.91,webiron
217.182.132.150,webiron
218.25.31.150,webiron
218.28.164.218,webiron
218.56.45.28,webiron
218.173.33.214,webiron
219.145.62.134,webiron
220.169.102.6,webiron
220.177.50.195,webiron
220.179.61.160,webiron
220.179.175.82,webiron
222.244.68.63,webiron
2.228.170.203,webiron
5.9.41.3,webiron
5.39.216.131,webiron
5.62.39.244,webiron
5.63.159.23,webiron
5.66.44.55,webiron
5.135.143.224,webiron
5.164.220.104,webiron
8.28.125.16,webiron
12.167.151.119,webiron
31.28.113.97,webiron
31.45.231.94,webiron
36.67.95.55,webiron
36.71.65.201,webiron
38.131.143.145,webiron
38.145.71.81,webiron
38.145.95.69,webiron
41.63.173.234,webiron
41.69.24.66,webiron
41.69.168.12,webiron
45.63.83.234,webiron
46.39.36.18,webiron
46.43.212.47,webiron
46.151.150.226,webiron
46.241.107.148,webiron
46.246.34.132,webiron
46.255.86.36,webiron
47.94.150.96,webiron
51.255.65.35,webiron
51.255.65.40,webiron
51.255.65.41,webiron
51.255.65.51,webiron
51.255.65.70,webiron
51.255.65.93,webiron
51.255.66.100,webiron
51.255.66.104,webiron
51.255.66.114,webiron
51.255.66.116,webiron
51.255.71.98,webiron
51.255.71.115,webiron
51.255.71.116,webiron
51.255.71.121,webiron
54.90.136.131,webiron
54.92.252.128,webiron
54.147.5.99,webiron
54.156.145.34,webiron
54.157.21.210,webiron
54.204.88.153,webiron
54.211.53.255,webiron
54.221.167.167,webiron
54.224.190.120,webiron
58.30.96.137,webiron
60.174.72.241,webiron
61.185.142.22,webiron
66.87.122.6,webiron
67.210.102.240,webiron
68.168.208.140,webiron
69.36.182.2,webiron
69.171.210.79,webiron
69.195.124.212,webiron
72.54.15.129,webiron
72.161.22.170,webiron
73.6.123.174,webiron
73.199.136.112,webiron
77.94.112.154,webiron
77.121.160.4,webiron
78.36.84.152,webiron
78.37.15.84,webiron
78.85.98.175,webiron
79.110.130.127,webiron
79.229.207.238,webiron
81.200.82.163,webiron
82.67.198.17,webiron
84.100.160.166,webiron
84.162.213.107,webiron
84.169.32.197,webiron
84.243.210.217,webiron
84.246.226.167,webiron
84.253.89.186,webiron
85.113.55.213,webiron
85.219.218.248,webiron
86.109.170.96,webiron
87.113.240.44,webiron
87.244.161.32,webiron
88.26.232.211,webiron
88.147.104.60,webiron
89.78.213.56,webiron
89.109.34.221,webiron
91.79.146.227,webiron
91.133.9.157,webiron
91.211.146.146,webiron
91.218.107.225,webiron
92.154.89.162,webiron
94.28.160.121,webiron
94.29.126.252,webiron
94.73.150.107,webiron
94.100.88.238,webiron
94.125.90.34,webiron
95.64.84.14,webiron
95.104.7.49,webiron
95.104.61.176,webiron
95.140.203.217,webiron
95.189.228.131,webiron
103.48.80.221,webiron
103.212.222.29,webiron
104.166.88.74,webiron
104.237.130.93,webiron
107.1.83.82,webiron
108.28.238.21,webiron
109.66.136.74,webiron
109.108.42.154,webiron
109.110.35.51,webiron
109.111.188.236,webiron
109.164.195.210,webiron
109.168.64.138,webiron
109.188.125.234,webiron
109.188.127.156,webiron
109.197.194.109,webiron
109.205.116.202,webiron
109.236.72.60,webiron
113.77.1.158,webiron
118.190.157.34,webiron
119.10.30.115,webiron
123.51.76.36,webiron
123.115.161.197,webiron
125.189.200.4,webiron
128.73.56.237,webiron
133.242.54.221,webiron
134.19.230.152,webiron
134.19.230.177,webiron
134.19.230.253,webiron
142.54.161.10,webiron
144.217.213.237,webiron
145.255.3.220,webiron
149.202.33.10,webiron
154.119.57.251,webiron
154.120.112.184,webiron
164.132.161.62,webiron
164.132.161.84,webiron
164.132.161.94,webiron
173.164.94.21,webiron
173.196.177.69,webiron
173.208.169.26,webiron
176.52.6.66,webiron
176.213.2.169,webiron
178.210.90.90,webiron
180.250.22.2,webiron
180.253.141.64,webiron
181.214.167.253,webiron
182.75.107.222,webiron
185.2.151.146,webiron
185.49.64.10,webiron
185.73.98.32,webiron
185.85.191.201,webiron
185.100.168.166,webiron
185.108.193.5,webiron
185.163.109.66,webiron
185.190.148.129,webiron
185.209.20.147,webiron
188.92.75.244,webiron
188.120.232.81,webiron
188.129.172.87,webiron
188.129.172.121,webiron
190.13.106.36,webiron
190.254.63.2,webiron
193.104.16.33,webiron
194.135.74.166,webiron
195.158.94.212,webiron
195.225.49.2,webiron
195.225.231.221,webiron
195.229.4.210,webiron
196.52.60.38,webiron
197.51.82.175,webiron
199.203.120.122,webiron
202.123.177.232,webiron
203.45.18.122,webiron
204.12.207.90,webiron
207.241.231.165,webiron
210.206.230.209,webiron
210.212.102.69,webiron
212.106.94.210,webiron
212.112.126.167,webiron
213.135.229.55,webiron
213.152.165.10,webiron
213.205.253.24,webiron
213.208.162.82,webiron
216.244.66.242,webiron
217.17.35.44,webiron
217.67.66.197,webiron
217.182.132.31,webiron
217.182.132.52,webiron
217.182.132.59,webiron
217.182.132.84,webiron
217.182.132.185,webiron
218.211.96.204,webiron
218.250.98.192,webiron
219.129.145.81,webiron
220.135.159.86,webiron
220.157.195.104,webiron
220.250.19.161,webiron
221.13.144.87,webiron
222.172.36.108,webiron
222.177.182.10,webiron
222.223.204.182,webiron
2.95.156.29,webiron
2.236.107.157,webiron
5.188.10.250,webiron
5.196.87.32,webiron
13.229.64.207,webiron
17.142.153.238,webiron
23.21.152.240,webiron
23.129.64.18,webiron
24.213.236.78,webiron
31.13.113.196,webiron
31.30.46.155,webiron
31.163.138.113,webiron
37.45.83.101,webiron
37.112.60.184,webiron
37.210.182.3,webiron
40.78.146.128,webiron
45.58.38.113,webiron
46.39.231.1,webiron
46.42.55.99,webiron
46.99.12.130,webiron
46.118.158.19,webiron
46.148.180.7,webiron
49.240.60.251,webiron
50.20.39.2,webiron
51.255.65.10,webiron
51.255.65.14,webiron
51.255.65.15,webiron
51.255.65.17,webiron
51.255.65.18,webiron
51.255.65.25,webiron
51.255.65.36,webiron
51.255.65.53,webiron
51.255.65.61,webiron
51.255.65.66,webiron
51.255.65.73,webiron
51.255.65.78,webiron
51.255.65.83,webiron
51.255.66.102,webiron
51.255.66.106,webiron
51.255.66.111,webiron
51.255.66.112,webiron
51.255.66.115,webiron
51.255.66.119,webiron
51.255.66.124,webiron
51.255.66.144,webiron
51.255.66.145,webiron
51.255.71.111,webiron
51.255.71.122,webiron
51.255.71.123,webiron
51.255.71.128,webiron
51.255.71.132,webiron
54.198.188.56,webiron
58.7.157.104,webiron
58.20.185.12,webiron
58.211.71.40,webiron
58.216.156.58,webiron
59.51.154.162,webiron
60.8.207.34,webiron
61.135.217.127,webiron
61.167.36.134,webiron
61.185.242.195,webiron
61.190.100.162,webiron
62.177.43.154,webiron
63.227.77.160,webiron
66.102.9.150,webiron
69.30.225.58,webiron
69.131.136.35,webiron
72.30.14.77,webiron
72.30.14.122,webiron
72.30.14.123,webiron
74.118.192.111,webiron
76.14.26.43,webiron
76.181.187.122,webiron
77.51.45.78,webiron
77.121.81.212,webiron
77.222.101.145,webiron
77.232.53.14,webiron
78.36.87.138,webiron
78.187.133.133,webiron
79.223.83.122,webiron
80.82.77.139,webiron
80.120.116.219,webiron
80.251.112.204,webiron
81.95.135.70,webiron
81.133.25.236,webiron
82.119.137.50,webiron
82.145.220.115,webiron
82.208.124.166,webiron
83.86.12.126,webiron
84.52.100.206,webiron
84.133.109.147,webiron
85.84.213.189,webiron
85.96.99.114,webiron
85.234.121.226,webiron
87.106.143.160,webiron
89.110.58.38,webiron
90.88.130.154,webiron
91.55.235.161,webiron
91.121.83.160,webiron
91.126.34.86,webiron
91.200.12.43,webiron
91.200.12.49,webiron
91.223.82.156,webiron
91.236.179.13,webiron
92.103.199.139,webiron
92.238.165.106,webiron
93.55.193.250,webiron
93.78.3.85,webiron
93.81.9.35,webiron
93.190.204.115,webiron
93.216.199.7,webiron
94.45.49.22,webiron
94.61.70.7,webiron
94.242.246.23,webiron
95.29.55.84,webiron
95.90.208.214,webiron
95.104.7.42,webiron
99.226.226.101,webiron
103.7.41.211,webiron
103.35.234.188,webiron
103.55.64.106,webiron
103.76.172.226,webiron
103.212.222.13,webiron
104.175.20.176,webiron
107.167.105.41,webiron
107.167.107.40,webiron
107.167.116.118,webiron
108.67.195.69,webiron
108.234.112.146,webiron
109.30.27.127,webiron
112.26.80.145,webiron
113.8.194.3,webiron
114.32.42.226,webiron
114.34.53.250,webiron
115.176.60.66,webiron
116.247.94.35,webiron
120.209.31.231,webiron
122.117.124.124,webiron
122.146.88.186,webiron
122.155.190.119,webiron
125.74.189.200,webiron
125.161.129.73,webiron
128.70.187.215,webiron
134.249.80.194,webiron
137.74.207.164,webiron
137.74.207.188,webiron
138.207.193.16,webiron
140.123.104.106,webiron
141.255.115.15,webiron
142.4.215.116,webiron
144.136.16.224,webiron
146.185.223.227,webiron
158.69.197.65,webiron
162.209.168.18,webiron
164.132.161.21,webiron
164.132.161.31,webiron
164.132.161.40,webiron
164.132.161.64,webiron
164.132.161.71,webiron
164.132.161.76,webiron
164.132.161.91,webiron
164.132.162.156,webiron
164.132.162.159,webiron
172.6.113.111,webiron
172.82.184.162,webiron
173.13.69.253,webiron
173.193.126.154,webiron
173.208.148.218,webiron
173.208.211.58,webiron
175.100.133.53,webiron
176.10.99.206,webiron
176.31.64.186,webiron
176.115.121.13,webiron
178.27.197.105,webiron
178.75.88.137,webiron
178.140.114.51,webiron
178.211.184.196,webiron
178.215.97.88,webiron
180.250.196.250,webiron
181.93.204.99,webiron
183.79.92.106,webiron
183.96.175.229,webiron
184.168.152.205,webiron
184.168.193.167,webiron
185.5.249.185,webiron
185.51.201.102,webiron
185.59.58.58,webiron
185.135.82.211,webiron
185.153.197.46,webiron
185.181.102.18,webiron
187.237.56.222,webiron
187.237.251.227,webiron
188.170.73.153,webiron
188.190.215.235,webiron
192.187.101.194,webiron
192.232.215.53,webiron
193.124.179.180,webiron
193.124.190.64,webiron
194.0.52.2,webiron
194.44.32.197,webiron
194.187.109.54,webiron
195.16.58.54,webiron
195.64.206.254,webiron
195.160.247.135,webiron
196.41.130.154,webiron
198.210.118.191,webiron
202.237.149.19,webiron
203.192.199.98,webiron
204.8.156.142,webiron
207.241.229.33,webiron
207.244.70.35,webiron
208.125.251.99,webiron
211.142.86.210,webiron
212.3.183.83,webiron
212.48.84.54,webiron
212.90.34.74,webiron
212.175.77.165,webiron
216.244.66.199,webiron
216.244.66.233,webiron
216.244.66.248,webiron
216.244.66.250,webiron
217.15.151.236,webiron
217.107.127.239,webiron
217.109.247.106,webiron
217.113.125.130,webiron
217.182.132.14,webiron
217.182.132.19,webiron
217.182.132.20,webiron
217.182.132.24,webiron
217.182.132.25,webiron
217.182.132.32,webiron
217.182.132.33,webiron
217.182.132.61,webiron
217.182.132.65,webiron
217.182.132.70,webiron
217.182.132.72,webiron
217.182.132.74,webiron
217.182.132.78,webiron
217.182.132.83,webiron
217.182.132.88,webiron
217.182.132.90,webiron
217.182.132.97,webiron
217.182.132.149,webiron
217.182.132.178,webiron
217.182.132.180,webiron
217.182.132.186,webiron
217.182.132.188,webiron
217.182.132.241,webiron
218.3.240.54,webiron
218.161.9.48,webiron
218.204.240.205,webiron
218.236.51.154,webiron
219.126.163.161,webiron
219.138.59.240,webiron
219.145.118.208,webiron
220.164.82.88,webiron
220.227.147.150,webiron
221.4.128.114,webiron
222.137.252.27,webiron
222.191.233.238,webiron
5.62.39.246,webiron
5.135.143.25,webiron
5.140.1.84,webiron
5.141.53.29,webiron
5.149.250.196,webiron
5.187.68.24,webiron
13.76.241.210,webiron
17.142.149.167,webiron
23.22.11.18,webiron
23.254.202.163,webiron
24.108.207.190,webiron
35.177.27.246,webiron
37.1.204.92,webiron
37.58.150.203,webiron
37.59.253.230,webiron
37.139.4.221,webiron
38.131.139.72,webiron
38.131.143.168,webiron
38.140.157.84,webiron
38.145.81.88,webiron
38.145.92.175,webiron
39.3.23.112,webiron
45.40.137.190,webiron
45.55.240.186,webiron
45.76.80.165,webiron
46.4.153.213,webiron
46.23.1.13,webiron
46.118.159.26,webiron
46.175.194.31,webiron
46.229.164.98,webiron
46.229.164.100,webiron
46.229.164.101,webiron
46.229.164.102,webiron
49.50.8.223,webiron
50.62.176.95,webiron
50.62.176.140,webiron
50.62.177.81,webiron
51.255.65.3,webiron
51.255.65.5,webiron
51.255.65.9,webiron
51.255.65.11,webiron
51.255.65.12,webiron
51.255.65.13,webiron
51.255.65.16,webiron
51.255.65.19,webiron
51.255.65.20,webiron
51.255.65.21,webiron
51.255.65.22,webiron
51.255.65.23,webiron
51.255.65.26,webiron
51.255.65.27,webiron
51.255.65.29,webiron
51.255.65.30,webiron
51.255.65.32,webiron
51.255.65.34,webiron
51.255.65.37,webiron
51.255.65.43,webiron
51.255.65.44,webiron
51.255.65.45,webiron
51.255.65.50,webiron
51.255.65.54,webiron
51.255.65.55,webiron
51.255.65.57,webiron
51.255.65.65,webiron
51.255.65.69,webiron
51.255.65.71,webiron
51.255.65.72,webiron
51.255.65.75,webiron
51.255.65.77,webiron
51.255.65.82,webiron
51.255.65.90,webiron
51.255.65.95,webiron
51.255.66.98,webiron
51.255.66.101,webiron
51.255.66.103,webiron
51.255.66.105,webiron
51.255.66.110,webiron
51.255.66.120,webiron
51.255.66.121,webiron
51.255.66.122,webiron
51.255.66.123,webiron
51.255.66.127,webiron
51.255.66.140,webiron
51.255.66.143,webiron
51.255.71.118,webiron
51.255.71.119,webiron
51.255.71.126,webiron
51.255.71.127,webiron
51.255.71.133,webiron
52.36.125.174,webiron
52.204.39.141,webiron
54.81.74.97,webiron
54.156.33.77,webiron
54.156.158.69,webiron
54.157.88.38,webiron
54.158.178.183,webiron
54.159.151.11,webiron
54.159.252.132,webiron
54.164.233.25,webiron
54.169.37.102,webiron
54.175.132.225,webiron
54.196.202.28,webiron
54.211.60.202,webiron
54.211.73.123,webiron
54.221.124.135,webiron
59.120.221.70,webiron
60.251.43.70,webiron
60.251.197.139,webiron
64.235.153.7,webiron
64.235.153.8,webiron
64.235.153.11,webiron
64.235.154.104,webiron
64.235.154.141,webiron
66.147.242.154,webiron
66.181.182.81,webiron
68.74.116.17,webiron
68.180.228.237,webiron
68.180.228.243,webiron
69.30.233.186,webiron
71.6.146.130,webiron
71.6.146.185,webiron
71.6.165.200,webiron
71.235.105.9,webiron
72.30.14.107,webiron
72.167.190.177,webiron
74.118.192.130,webiron
79.173.127.14,webiron
80.15.46.247,webiron
80.67.249.55,webiron
81.1.242.33,webiron
81.4.125.125,webiron
81.23.8.162,webiron
81.62.102.109,webiron
81.177.127.11,webiron
82.117.194.229,webiron
82.193.98.15,webiron
82.200.82.78,webiron
83.222.212.225,webiron
83.237.8.158,webiron
84.52.76.211,webiron
85.26.164.24,webiron
85.173.245.79,webiron
85.214.211.211,webiron
85.221.23.75,webiron
85.234.121.33,webiron
87.189.2.11,webiron
87.249.207.129,webiron
88.164.208.208,webiron
88.200.136.226,webiron
88.200.214.155,webiron
89.109.42.59,webiron
89.249.2.67,webiron
91.113.202.114,webiron
91.121.12.106,webiron
91.142.215.4,webiron
91.200.12.28,webiron
91.200.12.35,webiron
91.200.12.60,webiron
91.210.198.116,webiron
91.234.97.74,webiron
92.55.37.150,webiron
92.126.128.206,webiron
92.222.78.186,webiron
93.125.42.49,webiron
93.170.187.48,webiron
93.174.93.71,webiron
93.183.75.12,webiron
94.23.235.109,webiron
94.29.126.156,webiron
94.73.151.139,webiron
94.75.163.129,webiron
94.102.49.190,webiron
94.179.35.182,webiron
94.251.32.89,webiron
95.9.179.10,webiron
95.78.6.13,webiron
95.84.67.107,webiron
95.110.200.241,webiron
95.130.10.69,webiron
95.211.212.137,webiron
96.71.39.62,webiron
99.229.205.33,webiron
101.200.173.34,webiron
103.47.0.241,webiron
103.72.103.10,webiron
104.168.141.117,webiron
104.218.63.73,webiron
104.238.248.15,webiron
106.243.202.58,webiron
107.167.103.202,webiron
109.172.98.83,webiron
109.173.12.186,webiron
109.188.124.2,webiron
109.195.51.233,webiron
109.252.11.29,webiron
111.196.247.239,webiron
112.135.5.29,webiron
113.179.91.194,webiron
117.159.84.142,webiron
118.186.200.210,webiron
119.183.83.42,webiron
119.185.125.208,webiron
120.151.134.101,webiron
121.153.20.169,webiron
123.30.236.163,webiron
123.122.4.68,webiron
128.0.105.66,webiron
128.199.157.152,webiron
133.242.22.177,webiron
137.74.73.179,webiron
137.74.113.23,webiron
137.74.201.108,webiron
137.74.207.109,webiron
137.74.207.116,webiron
137.74.207.159,webiron
137.74.207.170,webiron
138.246.253.19,webiron
142.197.3.60,webiron
144.76.100.150,webiron
146.185.223.215,webiron
150.164.128.1,webiron
154.16.162.131,webiron
159.203.109.81,webiron
160.202.163.236,webiron
164.132.161.4,webiron
164.132.161.6,webiron
164.132.161.7,webiron
164.132.161.9,webiron
164.132.161.16,webiron
164.132.161.18,webiron
164.132.161.20,webiron
164.132.161.24,webiron
164.132.161.26,webiron
164.132.161.27,webiron
164.132.161.30,webiron
164.132.161.32,webiron
164.132.161.37,webiron
164.132.161.45,webiron
164.132.161.50,webiron
164.132.161.51,webiron
164.132.161.52,webiron
164.132.161.53,webiron
164.132.161.54,webiron
164.132.161.58,webiron
164.132.161.61,webiron
164.132.161.63,webiron
164.132.161.68,webiron
164.132.161.70,webiron
164.132.161.73,webiron
164.132.161.77,webiron
164.132.161.78,webiron
164.132.161.79,webiron
164.132.161.82,webiron
164.132.161.85,webiron
164.132.161.86,webiron
164.132.161.87,webiron
164.132.161.90,webiron
164.132.161.92,webiron
164.132.161.93,webiron
164.132.161.97,webiron
164.132.162.155,webiron
164.132.162.158,webiron
164.132.162.160,webiron
165.160.32.230,webiron
169.50.62.88,webiron
169.230.30.108,webiron
171.4.115.141,webiron
176.10.104.240,webiron
178.57.100.25,webiron
178.68.169.88,webiron
178.69.220.33,webiron
178.69.242.161,webiron
178.137.88.27,webiron
178.137.180.187,webiron
178.140.90.191,webiron
178.161.215.89,webiron
178.205.79.224,webiron
178.206.23.186,webiron
179.61.142.82,webiron
179.61.173.195,webiron
180.14.58.39,webiron
180.51.108.228,webiron
180.245.164.50,webiron
181.214.3.218,webiron
181.214.161.87,webiron
183.87.114.130,webiron
184.57.175.47,webiron
184.168.193.190,webiron
185.12.70.216,webiron
185.36.102.114,webiron
185.85.191.196,webiron
185.85.238.244,webiron
185.85.239.156,webiron
185.85.239.157,webiron
185.86.13.213,webiron
185.119.81.37,webiron
185.119.81.39,webiron
185.119.81.63,webiron
185.160.124.167,webiron
188.18.114.13,webiron
188.19.194.25,webiron
188.60.234.217,webiron
188.120.234.187,webiron
188.162.229.128,webiron
188.163.72.15,webiron
188.163.78.13,webiron
188.186.169.126,webiron
188.193.0.217,webiron
189.163.15.41,webiron
191.101.81.57,webiron
192.151.152.122,webiron
193.252.56.169,webiron
195.154.173.103,webiron
198.38.91.245,webiron
200.110.77.115,webiron
202.131.247.154,webiron
209.105.242.145,webiron
210.211.101.60,webiron
211.220.216.19,webiron
212.69.24.37,webiron
213.87.128.171,webiron
213.132.46.124,webiron
216.244.66.197,webiron
216.244.66.203,webiron
216.244.66.228,webiron
216.244.66.231,webiron
216.244.66.234,webiron
216.244.66.240,webiron
216.244.66.241,webiron
216.244.66.244,webiron
217.23.180.70,webiron
217.66.238.234,webiron
217.118.95.66,webiron
217.147.162.127,webiron
217.182.132.7,webiron
217.182.132.15,webiron
217.182.132.17,webiron
217.182.132.22,webiron
217.182.132.28,webiron
217.182.132.29,webiron
217.182.132.30,webiron
217.182.132.34,webiron
217.182.132.50,webiron
217.182.132.53,webiron
217.182.132.54,webiron
217.182.132.56,webiron
217.182.132.57,webiron
217.182.132.60,webiron
217.182.132.63,webiron
217.182.132.64,webiron
217.182.132.68,webiron
217.182.132.71,webiron
217.182.132.75,webiron
217.182.132.77,webiron
217.182.132.79,webiron
217.182.132.93,webiron
217.182.132.94,webiron
217.182.132.95,webiron
217.182.132.147,webiron
217.182.132.152,webiron
217.182.132.154,webiron
217.182.132.157,webiron
217.182.132.170,webiron
217.182.132.171,webiron
217.182.132.172,webiron
217.182.132.174,webiron
217.182.132.177,webiron
217.182.132.181,webiron
217.182.132.184,webiron
217.182.132.191,webiron
217.182.132.192,webiron
217.182.132.240,webiron
218.23.77.52,webiron
219.219.220.230,webiron
219.237.78.2,webiron
220.132.13.69,webiron
220.253.174.155,webiron
221.121.153.194,webiron
223.150.115.183,webiron
0.0.0.0,webiron
2.63.111.112,webiron
5.44.168.119,webiron
14.221.233.83,webiron
23.250.36.162,webiron
23.250.36.189,webiron
31.163.185.188,webiron
31.208.202.222,webiron
34.201.149.104,webiron
34.228.8.134,webiron
37.147.216.145,webiron
37.187.56.66,webiron
37.187.77.211,webiron
45.32.125.244,webiron
46.17.44.124,webiron
46.101.165.68,webiron
46.105.98.166,webiron
46.118.154.197,webiron
46.161.9.59,webiron
46.175.194.113,webiron
46.229.164.99,webiron
51.255.64.106,webiron
51.255.65.2,webiron
51.255.65.4,webiron
51.255.65.6,webiron
51.255.65.7,webiron
51.255.65.8,webiron
51.255.65.24,webiron
51.255.65.28,webiron
51.255.65.31,webiron
51.255.65.33,webiron
51.255.65.38,webiron
51.255.65.39,webiron
51.255.65.46,webiron
51.255.65.47,webiron
51.255.65.48,webiron
51.255.65.49,webiron
51.255.65.52,webiron
51.255.65.56,webiron
51.255.65.58,webiron
51.255.65.59,webiron
51.255.65.60,webiron
51.255.65.62,webiron
51.255.65.63,webiron
51.255.65.64,webiron
51.255.65.67,webiron
51.255.65.68,webiron
51.255.65.74,webiron
51.255.65.76,webiron
51.255.65.79,webiron
51.255.65.80,webiron
51.255.65.81,webiron
51.255.65.84,webiron
51.255.65.85,webiron
51.255.65.86,webiron
51.255.65.87,webiron
51.255.65.88,webiron
51.255.65.89,webiron
51.255.65.91,webiron
51.255.65.92,webiron
51.255.65.94,webiron
51.255.65.97,webiron
51.255.65.224,webiron
51.255.66.107,webiron
51.255.66.108,webiron
51.255.66.109,webiron
51.255.66.117,webiron
51.255.66.118,webiron
51.255.66.126,webiron
51.255.66.142,webiron
51.255.71.101,webiron
51.255.71.110,webiron
51.255.71.112,webiron
51.255.71.113,webiron
51.255.71.114,webiron
51.255.71.117,webiron
51.255.71.120,webiron
51.255.71.125,webiron
51.255.71.129,webiron
51.255.71.130,webiron
51.255.71.131,webiron
52.36.251.200,webiron
52.206.59.139,webiron
54.146.42.28,webiron
54.165.166.219,webiron
54.221.171.223,webiron
58.30.96.142,webiron
66.240.219.146,webiron
66.240.236.119,webiron
68.13.104.27,webiron
68.180.228.101,webiron
69.46.36.20,webiron
71.38.214.66,webiron
75.128.89.85,webiron
76.117.249.244,webiron
77.93.108.23,webiron
78.36.3.137,webiron
78.109.32.154,webiron
79.6.206.106,webiron
79.8.61.173,webiron
80.82.77.33,webiron
80.211.130.94,webiron
81.30.221.212,webiron
81.149.140.197,webiron
81.206.239.202,webiron
81.214.37.42,webiron
82.134.23.218,webiron
83.149.44.230,webiron
84.22.158.215,webiron
84.46.32.17,webiron
84.63.36.174,webiron
84.63.37.52,webiron
85.128.142.44,webiron
91.207.245.221,webiron
91.233.135.33,webiron
92.100.82.176,webiron
92.255.202.29,webiron
93.185.16.213,webiron
93.225.200.172,webiron
94.25.168.13,webiron
94.102.49.175,webiron
94.141.62.188,webiron
95.27.46.185,webiron
95.32.211.122,webiron
95.104.7.62,webiron
95.105.171.133,webiron
99.229.202.186,webiron
101.167.80.233,webiron
103.212.223.146,webiron
104.238.144.143,webiron
106.51.37.22,webiron
107.167.103.53,webiron
109.87.194.202,webiron
109.111.77.109,webiron
110.20.51.36,webiron
114.115.190.4,webiron
115.28.165.115,webiron
118.140.252.50,webiron
118.171.136.99,webiron
132.148.27.154,webiron
136.32.224.217,webiron
137.74.201.99,webiron
137.74.201.100,webiron
137.74.203.194,webiron
137.74.207.101,webiron
137.74.207.102,webiron
137.74.207.108,webiron
137.74.207.110,webiron
137.74.207.119,webiron
137.74.207.120,webiron
137.74.207.161,webiron
139.99.104.209,webiron
144.217.105.158,webiron
145.255.28.136,webiron
151.65.73.62,webiron
153.228.240.156,webiron
162.244.80.208,webiron
163.172.67.180,webiron
163.172.255.139,webiron
164.132.161.2,webiron
164.132.161.3,webiron
164.132.161.5,webiron
164.132.161.8,webiron
164.132.161.10,webiron
164.132.161.11,webiron
164.132.161.12,webiron
164.132.161.13,webiron
164.132.161.14,webiron
164.132.161.15,webiron
164.132.161.17,webiron
164.132.161.19,webiron
164.132.161.22,webiron
164.132.161.25,webiron
164.132.161.28,webiron
164.132.161.29,webiron
164.132.161.33,webiron
164.132.161.34,webiron
164.132.161.35,webiron
164.132.161.36,webiron
164.132.161.38,webiron
164.132.161.39,webiron
164.132.161.41,webiron
164.132.161.42,webiron
164.132.161.43,webiron
164.132.161.44,webiron
164.132.161.46,webiron
164.132.161.47,webiron
164.132.161.48,webiron
164.132.161.49,webiron
164.132.161.55,webiron
164.132.161.56,webiron
164.132.161.57,webiron
164.132.161.60,webiron
164.132.161.65,webiron
164.132.161.66,webiron
164.132.161.67,webiron
164.132.161.69,webiron
164.132.161.72,webiron
164.132.161.74,webiron
164.132.161.75,webiron
164.132.161.80,webiron
164.132.161.81,webiron
164.132.161.83,webiron
164.132.161.88,webiron
164.132.161.95,webiron
164.132.162.153,webiron
164.132.162.154,webiron
164.132.162.157,webiron
164.132.162.164,webiron
164.132.162.187,webiron
164.132.162.188,webiron
164.132.164.180,webiron
172.82.186.170,webiron
176.59.55.63,webiron
176.77.76.203,webiron
176.197.163.250,webiron
177.19.165.26,webiron
178.90.243.255,webiron
178.137.82.201,webiron
178.161.237.18,webiron
178.234.16.66,webiron
178.234.180.61,webiron
180.246.96.232,webiron
183.12.169.197,webiron
183.12.170.48,webiron
184.22.243.36,webiron
185.3.32.252,webiron
185.26.92.74,webiron
185.81.113.158,webiron
185.85.190.132,webiron
185.85.239.110,webiron
185.85.239.130,webiron
185.85.239.195,webiron
185.86.5.199,webiron
185.86.5.212,webiron
185.86.5.251,webiron
185.86.167.4,webiron
185.119.81.24,webiron
185.119.81.50,webiron
187.189.151.239,webiron
188.18.245.188,webiron
188.65.232.39,webiron
188.66.92.60,webiron
188.162.185.19,webiron
188.165.234.68,webiron
188.227.18.230,webiron
188.234.246.104,webiron
188.235.159.34,webiron
189.174.193.75,webiron
189.181.192.37,webiron
192.243.53.51,webiron
193.58.255.17,webiron
195.16.79.224,webiron
195.19.160.26,webiron
198.20.87.98,webiron
201.18.18.173,webiron
201.120.195.66,webiron
202.162.195.142,webiron
207.241.229.150,webiron
208.125.127.210,webiron
209.90.225.210,webiron
210.132.148.249,webiron
211.217.183.100,webiron
213.208.188.92,webiron
216.218.222.12,webiron
216.244.66.230,webiron
216.244.66.236,webiron
216.244.66.237,webiron
216.244.66.246,webiron
216.244.66.247,webiron
217.61.5.88,webiron
217.107.125.55,webiron
217.182.132.4,webiron
217.182.132.5,webiron
217.182.132.6,webiron
217.182.132.16,webiron
217.182.132.18,webiron
217.182.132.21,webiron
217.182.132.23,webiron
217.182.132.27,webiron
217.182.132.35,webiron
217.182.132.36,webiron
217.182.132.37,webiron
217.182.132.51,webiron
217.182.132.55,webiron
217.182.132.58,webiron
217.182.132.62,webiron
217.182.132.66,webiron
217.182.132.67,webiron
217.182.132.69,webiron
217.182.132.73,webiron
217.182.132.76,webiron
217.182.132.81,webiron
217.182.132.82,webiron
217.182.132.85,webiron
217.182.132.86,webiron
217.182.132.87,webiron
217.182.132.92,webiron
217.182.132.96,webiron
217.182.132.146,webiron
217.182.132.148,webiron
217.182.132.151,webiron
217.182.132.155,webiron
217.182.132.156,webiron
217.182.132.173,webiron
217.182.132.175,webiron
217.182.132.176,webiron
217.182.132.179,webiron
217.182.132.182,webiron
217.182.132.183,webiron
217.182.132.187,webiron
217.182.132.190,webiron
217.182.132.193,webiron
220.164.2.77,webiron
221.217.9.77,webiron
222.231.61.132,webiron
5.2.83.60,zeuscc
54.200.248.73,zeuscc
91.236.213.74,zeuscc
123.30.129.179,zeuscc
185.68.93.81,zeuscc
185.133.40.214,zeuscc
185.203.116.120,zeuscc
190.123.35.140,zeuscc
190.123.35.141,zeuscc
193.0.178.205,zeuscc
193.189.117.56,zeuscc
198.245.202.92,zeuscc
146.185.254.143,zeuscc
174.141.231.14,zeuscc
92.53.96.121,zeuscc
185.16.41.198,zeuscc
5.101.176.115,zeuscc
5.187.0.171,zeuscc
31.7.63.146,zeuscc
37.123.99.188,zeuscc
37.143.11.189,zeuscc
46.4.150.111,zeuscc
46.30.213.249,zeuscc
46.151.52.48,zeuscc
46.151.52.61,zeuscc
46.151.52.191,zeuscc
50.63.202.50,zeuscc
52.66.12.107,zeuscc
54.202.79.255,zeuscc
58.195.1.4,zeuscc
59.157.4.2,zeuscc
60.13.186.5,zeuscc
60.241.184.209,zeuscc
63.249.152.74,zeuscc
64.85.233.8,zeuscc
64.127.71.73,zeuscc
64.182.6.61,zeuscc
64.182.215.68,zeuscc
66.7.198.165,zeuscc
66.45.245.150,zeuscc
67.214.175.69,zeuscc
78.138.104.167,zeuscc
78.153.151.182,zeuscc
80.65.93.241,zeuscc
80.78.250.26,zeuscc
81.177.135.173,zeuscc
81.177.140.251,zeuscc
83.15.254.242,zeuscc
83.69.233.121,zeuscc
83.212.117.233,zeuscc
85.117.35.21,zeuscc
87.236.210.110,zeuscc
87.236.210.124,zeuscc
87.237.198.245,zeuscc
87.246.143.242,zeuscc
87.254.167.37,zeuscc
89.108.85.65,zeuscc
89.223.26.52,zeuscc
91.108.176.118,zeuscc
91.236.75.11,zeuscc
92.53.124.62,zeuscc
94.103.36.55,zeuscc
98.131.185.136,zeuscc
101.200.81.187,zeuscc
103.4.52.150,zeuscc
103.7.59.135,zeuscc
103.19.89.118,zeuscc
103.26.128.84,zeuscc
103.200.22.206,zeuscc
103.230.84.239,zeuscc
104.238.158.106,zeuscc
105.112.32.163,zeuscc
107.161.186.90,zeuscc
108.174.157.123,zeuscc
109.127.8.242,zeuscc
109.229.36.65,zeuscc
109.229.210.250,zeuscc
113.29.230.24,zeuscc
120.31.134.133,zeuscc
120.63.157.195,zeuscc
124.110.195.160,zeuscc
128.210.157.251,zeuscc
141.8.226.58,zeuscc
151.97.190.239,zeuscc
162.223.94.56,zeuscc
177.4.23.159,zeuscc
178.63.105.194,zeuscc
180.182.234.200,zeuscc
184.168.221.33,zeuscc
184.168.221.58,zeuscc
185.25.119.84,zeuscc
185.35.138.22,zeuscc
185.141.25.242,zeuscc
185.153.221.146,zeuscc
186.250.244.100,zeuscc
187.174.252.247,zeuscc
187.191.98.202,zeuscc
188.219.154.228,zeuscc
188.241.140.212,zeuscc
188.241.140.222,zeuscc
188.241.140.224,zeuscc
188.247.135.53,zeuscc
188.247.135.58,zeuscc
188.247.135.74,zeuscc
188.247.135.99,zeuscc
190.15.192.25,zeuscc
190.128.29.1,zeuscc
192.64.119.34,zeuscc
192.99.19.4,zeuscc
192.99.148.26,zeuscc
193.107.17.55,zeuscc
193.107.17.56,zeuscc
193.107.17.145,zeuscc
193.107.19.24,zeuscc
193.107.19.244,zeuscc
193.146.210.69,zeuscc
193.201.227.142,zeuscc
194.109.64.131,zeuscc
195.20.41.205,zeuscc
195.20.41.233,zeuscc
195.20.42.1,zeuscc
195.20.44.100,zeuscc
195.20.44.109,zeuscc
195.20.44.252,zeuscc
195.20.53.157,zeuscc
197.189.252.226,zeuscc
199.7.234.100,zeuscc
199.187.129.193,zeuscc
199.201.121.185,zeuscc
201.149.83.183,zeuscc
202.29.22.38,zeuscc
202.29.230.198,zeuscc
202.67.13.107,zeuscc
202.144.144.195,zeuscc
203.170.193.23,zeuscc
208.91.197.91,zeuscc
209.99.64.25,zeuscc
209.164.84.70,zeuscc
210.4.76.221,zeuscc
212.1.215.117,zeuscc
212.44.64.202,zeuscc
213.147.67.20,zeuscc
216.176.100.240,zeuscc
216.176.184.21,zeuscc
216.215.112.149,zeuscc
216.218.135.114,zeuscc
222.29.197.232,zeuscc